Psamples,Nsamples,AUC-back,ACC-back,std-back,stdACC-back,AUC-ext,ACC-ext,std-ext,stdACC-ext
650.0,650.0,0.8247251057624817,0.6145833325386048,0.02594449110190317,0.0426956310999106,0.8033599185943604,0.5958333349227906,0.020793066806218275,0.029792394151235344
