Psamples,Nsamples,AUC-back,ACC-back,std-back,stdACC-back,AUC-ext,ACC-ext,std-ext,stdACC-ext
51.0,250000.0,0.5228530120849609,0.25,0.01712594066648943,0.0,0.5173045063018799,0.25,0.013094845856399565,0.0
