AMFWSVPTV,ELAGIGILTV,FLYNLLTRV,GLCTLVAML,LLWNGPMAV,full
0.9461538195610046,0.6692307591438293,0.8615384697914124,0.8548387289047241,0.7538461685180664,0.828181803226471
0.9384615421295166,0.7076923251152039,0.9153845906257629,0.7983871102333069,0.7692307829856873,0.813296914100647
0.9384615421295166,0.6384615302085876,0.892307698726654,0.8225806355476379,0.692307710647583,0.8163636326789856
0.9384615421295166,0.6538461446762085,0.8999999761581421,0.8145161271095276,0.7076923251152039,0.8576642274856567
0.9384615421295166,0.6538461446762085,0.9153845906257629,0.8387096524238586,0.7846153974533081,0.8567517995834351
