AMFWSVPTV,ELAGIGILTV,FLYNLLTRV,GLCTLVAML,LLWNGPMAV,full
0.9153845906257629,0.6461538672447205,0.8769230842590332,0.8387096524238586,0.699999988079071,0.7980072498321533
0.8538461327552795,0.5461538434028625,0.8769230842590332,0.8790322542190552,0.7307692170143127,0.76902174949646
0.9153845906257629,0.6307692527770996,0.8615384697914124,0.8629032373428345,0.7769230604171753,0.8197463750839233
0.9076923131942749,0.6461538672447205,0.8769230842590332,0.8387096524238586,0.7615384459495544,0.8369565010070801
0.9307692050933838,0.6615384817123413,0.807692289352417,0.8548387289047241,0.7615384459495544,0.8203266859054565
