AMFWSVPTV,ELAGIGILTV,FLYNLLTRV,GLCTLVAML,LLWNGPMAV,full
0.9936094284057617,0.7321893572807312,0.963313639163971,0.8853975534439087,0.816094696521759,0.8725886940956116
0.9940828084945679,0.7311242818832397,0.936212956905365,0.8624510765075684,0.8268639445304871,0.8612016439437866
0.9927811026573181,0.689230740070343,0.9407100677490234,0.8580182194709778,0.7750295996665955,0.8700373768806458
0.9936094880104065,0.6949112415313721,0.9543195366859436,0.8628422617912292,0.8115976452827454,0.8770086169242859
0.993964433670044,0.7142011523246765,0.960828423500061,0.8766623139381409,0.8536095023155212,0.8701668977737427
