AMFWSVPTV,ELAGIGILTV,FLYNLLTRV,GLCTLVAML,LLWNGPMAV,full
0.9857987761497498,0.7071005702018738,0.9346745610237122,0.8741851449012756,0.8485206961631775,0.8560329675674438
0.9949111938476562,0.7133728265762329,0.9495857954025269,0.8834419250488281,0.8182248473167419,0.8443440794944763
0.9979881644248962,0.7055621147155762,0.9595265984535217,0.8610170483589172,0.8220118284225464,0.8516556620597839
0.9914793372154236,0.7384616136550903,0.9286390542984009,0.8843545913696289,0.7915976643562317,0.847930371761322
0.9926626682281494,0.7444970607757568,0.9631951451301575,0.889830470085144,0.7489941120147705,0.8491740822792053
