Psamples,Nsamples,AUC-back,ACC-back,std-back,stdACC-back,AUC-ext,ACC-ext,std-ext,stdACC-ext
701.0,250000.0,0.6372592616081237,0.387299998998642,0.026146622979670915,0.02279166233093071,0.5779238200187683,0.27070000052452087,0.012468467705740463,0.009172517938651538
