Psamples,Nsamples,AUC-back,ACC-back,std-back,stdACC-back,AUC-ext,ACC-ext,std-ext,stdACC-ext
800.0,800.0,0.8110075759887695,0.5941999959945679,0.020271523778466114,0.02427673961012835,0.6716833782196044,0.43145000338554385,0.017725157189436888,0.020407352988212613
900.0,900.0,0.8298837089538574,0.6139999985694885,0.021327673939997266,0.03594440023106189,0.6751866698265075,0.4326500010490417,0.0172076797793018,0.02016283556286027
1000.0,1000.0,0.8204105353355408,0.6048000001907349,0.01628396164597439,0.02375836645713579,0.6686477470397949,0.42549999952316286,0.014828415054226789,0.020654903717145973
800.0,800.0,0.809732506275177,0.5949000000953675,0.021824869809254813,0.027617749531560574,0.6661869502067566,0.42425000071525576,0.011866202796612322,0.018881207339111184
800.0,800.0,0.8069440817832947,0.593600001335144,0.02190316310339275,0.030463749495139338,0.6435308456420898,0.4078499972820282,0.014529533319940228,0.020683691205683714
1600.0,1600.0,0.8476878690719605,0.6356000018119812,0.011818064272248375,0.018347749611600163,0.6553383684158325,0.41555000066757203,0.01845099369847395,0.020279547394818895
1600.0,1600.0,0.841635057926178,0.6262000012397766,0.014296719426834095,0.02414663395219401,0.6849731302261353,0.4455500030517578,0.014470844194938121,0.020931673041666925
1600.0,1600.0,0.8422020411491394,0.6301000046730042,0.020112566483259677,0.02720734874944204,0.704834668636322,0.46925000071525574,0.01468545059069707,0.021618858300408463
1600.0,1600.0,0.8461208391189575,0.6327999949455261,0.01553978870141748,0.028812491093637153,0.7073981142044068,0.47419999837875365,0.013697039914648405,0.02016457309282059
