Psamples,Nsamples,AUC-back,ACC-back,std-back,stdACC-back,AUC-ext,ACC-ext,std-ext,stdACC-ext
701.0,701.0,0.7958308959007263,0.5781999969482422,0.017829792811345405,0.02737261290119474,0.6674114394187928,0.42834999918937683,0.014544861302487897,0.017527550833297288
