Psamples,Nsamples,AUC-back,ACC-back,std-back,stdACC-back,AUC-ext,ACC-ext,std-ext,stdACC-ext
1500.0,1500.0,0.8266829991340637,0.6182000064849853,0.011504193453333582,0.017299126075992884,0.6948899745941162,0.46080000162124635,0.016150490392168794,0.021797021093174846
