Psamples,Nsamples,AUC-back,ACC-back,std-back,stdACC-back,AUC-ext,ACC-ext,std-ext,stdACC-ext
1500.0,1500.0,0.8359388518333435,0.6237999987602234,0.017298121837630798,0.028940621571268064,0.7082419943809509,0.4725500011444092,0.016553729203959405,0.023891628806943642
