Psamples,Nsamples,AUC-back,ACC-back,std-back,stdACC-back,AUC-ext,ACC-ext,std-ext,stdACC-ext
601.0,601.0,0.7589018487930298,0.5280000054836274,0.0316670011523503,0.051579500570558275,0.6998508214950562,0.44977777361869814,0.0282283185562576,0.03346197611021817
1000.0,1000.0,0.7692722010612488,0.5306666731834412,0.03901641468176744,0.05450382402985894,0.7140010404586792,0.478444447517395,0.02489752937795788,0.03182980012527955
