Psamples,Nsamples,AUC-back,ACC-back,std-back,stdACC-back,AUC-ext,ACC-ext,std-ext,stdACC-ext
1400.0,250000.0,0.6060055565834045,0.32733333587646485,0.01756785807225273,0.02939387594546674,0.6009619331359863,0.3322222244739532,0.011674976598278625,0.019499920785399662
