Psamples,Nsamples,AUC-back,ACC-back,std-back,stdACC-back,AUC-ext,ACC-ext,std-ext,stdACC-ext
171.0,250000.0,0.5206055426597596,0.25,0.013655778522607546,0.0,0.5238432121276856,0.25,0.011360164641616806,0.0
