Psamples,Nsamples,AUC-back,ACC-back,std-back,stdACC-back,AUC-ext,ACC-ext,std-ext,stdACC-ext
1000.0,1000.0,0.7262555456161499,0.4846666610240936,0.04672592847402371,0.05183735108213326,0.6919790005683899,0.45288888692855833,0.03190085906504019,0.04337946448068448
