Psamples,Nsamples,AUC-back,ACC-back,std-back,stdACC-back,AUC-ext,ACC-ext,std-ext,stdACC-ext
51.0,51.0,0.7615436935424804,0.543333328962326,0.04517783907956908,0.05912263443186505,0.7540498399734497,0.5352083337306976,0.03657915519495315,0.05445197302434494
