Psamples,Nsamples,AUC-back,ACC-back,std-back,stdACC-back,AUC-ext,ACC-ext,std-ext,stdACC-ext
600.0,250000.0,0.5821281862258911,0.27875,0.01706257307345562,0.021303038773878086,0.5751365447044372,0.27520833611488343,0.016778528223744014,0.017841410923593534
