Psamples,Nsamples,AUC-back,ACC-back,std-back,stdACC-back,AUC-ext,ACC-ext,std-ext,stdACC-ext
250.0,250.0,0.8766124248504639,0.6879166650772095,0.03182688997629413,0.05141065364812724,0.846041841506958,0.6527083396911622,0.02224124196915497,0.04168541040828214
500.0,500.0,0.8900824713706971,0.7079166698455811,0.021128143191872603,0.02833333688624282,0.8558469080924987,0.6679166674613952,0.022669581031638728,0.03439961092811569
