Psamples,Nsamples,AUC-back,ACC-back,std-back,stdACC-back,AUC-ext,ACC-ext,std-ext,stdACC-ext
650.0,650.0,0.8188585042953491,0.6145833325386048,0.024859802536462094,0.032140100004933864,0.8122961783409118,0.6064583325386047,0.01923796705786058,0.0253910434655865
