Psamples,Nsamples,AUC-back,ACC-back,std-back,stdACC-back,AUC-ext,ACC-ext,std-ext,stdACC-ext
61.0,250000.0,0.5036833274364472,0.25,0.004157372172713844,0.0,0.5053911542892456,0.25,0.010596630227571716,0.0
