Psamples,Nsamples,AUC-back,ACC-back,std-back,stdACC-back,AUC-ext,ACC-ext,std-ext,stdACC-ext
1000.0,1000.0,0.723257417678833,0.49266666293144223,0.0258126543129067,0.038609152364714794,0.7095216155052185,0.4671111142635345,0.03679657290246855,0.046928368589247656
