Psamples,Nsamples,AUC-back,ACC-back,std-back,stdACC-back,AUC-ext,ACC-ext,std-ext,stdACC-ext
3500.0,250000.0,0.5632481575012207,0.3253333365917206,0.019339428519353608,0.03862065953321204,0.5694777750968933,0.30755555868148804,0.01460219025363473,0.02035972941754312
