Psamples,Nsamples,AUC-back,ACC-back,std-back,stdACC-back,AUC-ext,ACC-ext,std-ext,stdACC-ext
1000.0,1000.0,0.8626703596115113,0.6766666603088379,0.026859264897316017,0.04422166231387966,0.78987633228302,0.5695555543899536,0.023803051174386365,0.029318174393610827
500.0,500.0,0.8056092476844787,0.5653333365917206,0.03137881078821288,0.058674241986640764,0.7833321237564087,0.5604444468021392,0.022728401185208004,0.03732804391524873