Psamples,Nsamples,AUC-back,ACC-back,std-back,stdACC-back,AUC-ext,ACC-ext,std-ext,stdACC-ext
200.0,200.0,0.6973055458068848,0.4439999985694885,0.043217739000622056,0.054950485472213116,0.7296526789665222,0.47733333706855774,0.03857209629652978,0.06312676515908003
300.0,300.0,0.724127779006958,0.4746666657924652,0.04790244381400834,0.06256019679930461,0.745867702960968,0.5022222256660461,0.03767036880485832,0.059669874780979425
400.0,400.0,0.7745740795135498,0.5493333351612091,0.045268482387966574,0.0688767011216624,0.7556475448608398,0.5226666700839996,0.04084860031916253,0.05781879190985198
