Psamples,Nsamples,AUC-back,ACC-back,std-back,stdACC-back,AUC-ext,ACC-ext,std-ext,stdACC-ext
61.0,61.0,0.6241981244087219,0.3720000004768372,0.036633438850555665,0.045392116007534546,0.671669135093689,0.415333331823349,0.039090120378720096,0.06443064527182665
