AMFWSVPTV,ELAGIGILTV,FLYNLLTRV,GLCTLVAML,LLWNGPMAV,full
0.9153845906257629,0.6615384817123413,0.8692307472229004,0.8467742204666138,0.7923076748847961,0.837294340133667
0.9384615421295166,0.6230769157409668,0.8769230842590332,0.8548387289047241,0.7307692170143127,0.837294340133667
0.9384615421295166,0.6538461446762085,0.892307698726654,0.8306451439857483,0.7384615540504456,0.821755051612854
0.8846153616905212,0.6692307591438293,0.8692307472229004,0.8225806355476379,0.6615384817123413,0.7914389967918396
0.9307692050933838,0.6538461446762085,0.9076923131942749,0.8387096524238586,0.6769230961799622,0.7905282378196716
