AMFWSVPTV,ELAGIGILTV,FLYNLLTRV,GLCTLVAML,LLWNGPMAV,full
0.9461538195610046,0.6230769157409668,0.7923076748847961,0.8951612710952759,0.7923076748847961,0.7791741490364075
0.9230769276618958,0.6153846383094788,0.7692307829856873,0.8870967626571655,0.800000011920929,0.8116071224212646
0.8384615182876587,0.5846154093742371,0.7538461685180664,0.8387096524238586,0.7384615540504456,0.7437499761581421
0.8769230842590332,0.6384615302085876,0.8692307472229004,0.8548387289047241,0.7307692170143127,0.7675675749778748
0.8999999761581421,0.6000000238418579,0.7923076748847961,0.8387096524238586,0.7692307829856873,0.7369838356971741
