AMFWSVPTV,ELAGIGILTV,FLYNLLTRV,GLCTLVAML,LLWNGPMAV,full
0.8769230842590332,0.6615384817123413,0.7923076748847961,0.8790322542190552,0.7769230604171753,0.7927272915840149
0.9384615421295166,0.6384615302085876,0.7846153974533081,0.8548387289047241,0.7230769395828247,0.8236363530158997
0.9384615421295166,0.5769230723381042,0.8538461327552795,0.8548387289047241,0.7769230604171753,0.8297101259231567
0.9461538195610046,0.6384615302085876,0.8461538553237915,0.8467742204666138,0.6846153736114502,0.8067150712013245
0.8999999761581421,0.6230769157409668,0.8384615182876587,0.8548387289047241,0.7769230604171753,0.7954545617103577
