AMFWSVPTV,ELAGIGILTV,FLYNLLTRV,GLCTLVAML,LLWNGPMAV,full
0.8615384697914124,0.6615384817123413,0.7846153974533081,0.8467742204666138,0.7769230604171753,0.7268683314323425
0.9230769276618958,0.6307692527770996,0.8538461327552795,0.8629032373428345,0.7692307829856873,0.831250011920929
0.9538461565971375,0.6461538672447205,0.800000011920929,0.8387096524238586,0.800000011920929,0.8425266742706299
0.9461538195610046,0.6307692527770996,0.8769230842590332,0.8548387289047241,0.7230769395828247,0.8395721912384033
0.8769230842590332,0.6461538672447205,0.7692307829856873,0.8548387289047241,0.7923076748847961,0.7571428418159485
