AMFWSVPTV,ELAGIGILTV,FLYNLLTRV,GLCTLVAML,LLWNGPMAV,full
0.9817751049995422,0.7280473709106445,0.9616568684577942,0.9398956298828125,0.8609467148780823,0.8520494699478149
0.9949111938476562,0.7280473709106445,0.8874555826187134,0.9054758548736572,0.8278106451034546,0.8370876312255859
0.9950295090675354,0.6764496564865112,0.9381064772605896,0.9069100618362427,0.8381065726280212,0.8407336473464966
0.9802366495132446,0.7428402304649353,0.912899374961853,0.8913950324058533,0.7594082355499268,0.8445992469787598
0.9875739216804504,0.6891124844551086,0.9144377708435059,0.9116036891937256,0.8520709872245789,0.8280550241470337
