AMFWSVPTV,ELAGIGILTV,FLYNLLTRV,GLCTLVAML,LLWNGPMAV,full
0.9813016653060913,0.6310059428215027,0.9171596765518188,0.939113438129425,0.8887574076652527,0.8352729678153992
0.9796450138092041,0.6615384817123413,0.944733738899231,0.9599738717079163,0.8867455720901489,0.8574541211128235
0.9900591373443604,0.6223668456077576,0.9241419434547424,0.9250326156616211,0.8570414185523987,0.8417319655418396
0.9962130188941956,0.6752663254737854,0.9403549432754517,0.9093872308731079,0.7878106236457825,0.8415406346321106
0.9656804800033569,0.6360946893692017,0.9255622029304504,0.9109517335891724,0.8411833643913269,0.8326448798179626
