AMFWSVPTV,ELAGIGILTV,FLYNLLTRV,GLCTLVAML,LLWNGPMAV,full
0.9911242127418518,0.658935010433197,0.960236668586731,0.8999999165534973,0.7989348769187927,0.8681646585464478
0.9884023666381836,0.6089940667152405,0.9733728170394897,0.9362452030181885,0.8252071142196655,0.8630741834640503
0.9885206818580627,0.695029616355896,0.9352662563323975,0.9122555255889893,0.8543195724487305,0.8502607941627502
0.9828402400016785,0.7160947322845459,0.9460355043411255,0.8940025568008423,0.8381064534187317,0.8515607714653015
0.9882839322090149,0.7010650634765625,0.8772781491279602,0.8876141309738159,0.8358579874038696,0.8464636206626892
