AMFWSVPTV,ELAGIGILTV,FLYNLLTRV,GLCTLVAML,LLWNGPMAV,full
0.9785798788070679,0.6988165974617004,0.933846116065979,0.9024772047996521,0.8713609576225281,0.8501265645027161
0.9842603802680969,0.6491124033927917,0.9637870788574219,0.9271185994148254,0.8468639254570007,0.8728214502334595
0.991952657699585,0.7039052844047546,0.9043787121772766,0.9168187975883484,0.8642603158950806,0.8759675621986389
0.9959763288497925,0.6848520040512085,0.9602367281913757,0.916297197341919,0.8288758397102356,0.867024302482605
0.9966863989830017,0.6776331663131714,0.928520679473877,0.9225553870201111,0.8739645481109619,0.8697608709335327
