Psamples,Nsamples,AUC-back,ACC-back,std-back,stdACC-back,AUC-ext,ACC-ext,std-ext,stdACC-ext
151.0,151.0,0.598699985742569,0.5789999985694885,0.0797201837125368,0.0665882882394011,0.6539666724205017,0.6173333287239074,0.0338087873200488,0.038724099091563
251.0,251.0,0.5832499933242797,0.5639999914169311,0.0737377096393429,0.0561604856189715,0.6496666669845581,0.6136666679382324,0.0425713648321737,0.033901825117164
551.0,551.0,0.6306000018119812,0.6010000002384186,0.0690788578122226,0.0638278961065492,0.6389500117301941,0.6003333330154419,0.040659898647815,0.0339509503130011
1001.0,1001.0,0.5904000222682952,0.5559999990463257,0.064680682668284,0.045978258188202,0.6095666575431824,0.5739999985694886,0.0391066541384038,0.0218987591739894
50001.0,50001.0,0.5761000025272369,0.5239999914169311,0.0515452669738561,0.0180000034968119,0.5947777771949768,0.5066666626930236,0.0313838063041183,0.0088191720882117