Psamples,Nsamples,AUC-back,ACC-back,std-back,stdACC-back,AUC-ext,ACC-ext,std-ext,stdACC-ext
800.0,800.0,0.8088882541656495,0.5928999972343445,0.023043591962053956,0.030916665317887834,0.6952798223495483,0.4590000009536743,0.016895123570054377,0.018748333373705593
900.0,900.0,0.8218741703033448,0.6069000101089478,0.01569813881717151,0.02406532518443077,0.6900286769866943,0.4471999979019165,0.011932863904796141,0.018280043892225234
1000.0,1000.0,0.8228736662864685,0.6060000061988831,0.020440193772220065,0.027649590469561256,0.6912217831611633,0.455699999332428,0.017371900355419186,0.022737849003326517
1100.0,1100.0,0.825677261352539,0.6103999996185303,0.018461473695020693,0.026633443329278517,0.6945954203605652,0.4593500018119812,0.017955237219972563,0.02043624469238604
1200.0,1200.0,0.8252699708938599,0.6091999983787537,0.01413235936720153,0.023256396257560707,0.6834861350059509,0.440550000667572,0.015467214935019664,0.018449523868078847
1300.0,1300.0,0.833435275554657,0.6199000024795532,0.015992384169610137,0.02488453020687303,0.7009832096099854,0.4647000014781952,0.017354195868822284,0.024607621617226818
1600.0,1600.0,0.8418994855880737,0.6316000008583069,0.013527390656629324,0.024483462387832246,0.7110946941375732,0.4768999993801117,0.01301196088489266,0.02141588379055153
1400.0,1400.0,0.835989191532135,0.6220999979972839,0.02019046395706081,0.028945472684475632,0.6973552584648133,0.45930000066757204,0.018663938969632282,0.02157278531533215
1500.0,1500.0,0.8427557301521301,0.6278000020980835,0.018347433409277292,0.028366526003657206,0.7090425086021424,0.4732500004768372,0.013405010015460343,0.01765998183115819
