Psamples,Nsamples,AUC-back,ACC-back,std-back,stdACC-back,AUC-ext,ACC-ext,std-ext,stdACC-ext
1400.0,250000.0,0.7073764634132386,0.4688000011444092,0.02955934437427643,0.0239908317436775,0.6094325709342957,0.32875,0.010410758937955357,0.0191996084458953
