Psamples,Nsamples,AUC-back,ACC-back,std-back,stdACC-back,AUC-ext,ACC-ext,std-ext,stdACC-ext
171.0,171.0,0.6931463003158569,0.43733332872390746,0.048188714657930926,0.057596295393473586,0.6742965078353882,0.41911110997200013,0.022743330101510917,0.03174279518218316
