Psamples,Nsamples,AUC-back,ACC-back,std-back,stdACC-back,AUC-ext,ACC-ext,std-ext,stdACC-ext
601.0,601.0,0.7589018487930298,0.5280000054836274,0.0316670011523503,0.051579500570558275,0.6998508214950562,0.44977777361869814,0.0282283185562576,0.03346197611021817
