Psamples,Nsamples,AUC-back,ACC-back,std-back,stdACC-back,AUC-ext,ACC-ext,std-ext,stdACC-ext
1000.0,1000.0,0.7213592576980591,0.4799999964237213,0.03590742478353669,0.058878408407589816,0.6983117318153381,0.46111110925674437,0.03390091409170258,0.04427746475185839
