Negative type,Psamples,Nsamples,AUC-back,ACC-back,std-back,stdACC-back
pure_model,550.0,50,0.6573626160621643,0.5848235273361206,0.02495878918293475,0.022670804452448783
pure_model,550.0,250,0.7676733374595642,0.7029411721229554,0.02746021968954274,0.02536924368540912
pure_model,550.0,100,0.700257420539856,0.6217647027969361,0.03519782530225924,0.03155704855958655
pure_model,550.0,750,0.8214802479743958,0.782117645740509,0.026099301816856532,0.027287017638125414
pure_model,550.0,550,0.8172152185440064,0.7635294127464295,0.016503950842064852,0.019331386059696008
pure_model,550.0,500,0.8097937726974487,0.7578823518753052,0.02787911083857059,0.024406032574357955
pure_model,550.0,1000,0.8275882458686828,0.7929411816596985,0.01533006025302094,0.01824478141939741
pure_model,550.0,500000,0.5256871926784515,0.5145882368087769,0.08685715399021084,0.0424221654419061
pure_model,550.0,100000,0.744397919178009,0.7124705886840821,0.019201579356279433,0.02964939884226549